name,date,source,month,year,myear,n
Anonymous,2024-08-01,FB,Aug,2024,Aug 2024,2
Anonymous,2024-07-29,FB,Jul,2024,Jul 2024,3
Anonymous,2024-07-29,FB,Jul,2024,Jul 2024,3
Anonymous,2024-07-29,FB,Jul,2024,Jul 2024,3
Anonymous,2024-06-27,FB,Jun,2024,Jun 2024,4
Anonymous,2024-04-29,FB,Apr,2024,Apr 2024,5
Anonymous,2024-04-28,FB,Apr,2024,Apr 2024,2
Anonymous,2024-04-22,FB,Apr,2024,Apr 2024,3
Anonymous,2024-04-22,FB,Apr,2024,Apr 2024,3
Anonymous,2024-04-07,FB,Apr,2024,Apr 2024,1
Anonymous,2024-04-02,FB,Apr,2024,Apr 2024,2
Anonymous,2024-03-19,FB,Mar,2024,Mar 2024,2
Anonymous,2024-03-11,FB,Mar,2024,Mar 2024,6
Anonymous,2024-03-07,FB,Mar,2024,Mar 2024,1
Anonymous,2024-02-11,FB,Feb,2024,Feb 2024,1
Anonymous,2024-02-07,FB,Feb,2024,Feb 2024,1
Anonymous,2024-01-20,FB,Jan,2024,Jan 2024,2
Anonymous,2024-01-18,FB,Jan,2024,Jan 2024,3
Anonymous,2023-12-25,FB,Dec,2023,Dec 2023,3
Anonymous,2023-12-18,FB,Dec,2023,Dec 2023,2
Anonymous,2023-12-10,FB,Dec,2023,Dec 2023,1
Anonymous,2023-12-05,FB,Dec,2023,Dec 2023,1
Anonymous,2023-11-27,FB,Nov,2023,Nov 2023,5
Anonymous,2023-10-19,FB,Oct,2023,Oct 2023,2
Anonymous,2023-10-19,FB,Oct,2023,Oct 2023,2
Anonymous,2023-09-21,FB,Sep,2023,Sep 2023,4
Anonymous,2023-09-19,FB,Sep,2023,Sep 2023,1
Anonymous,2023-09-13,FB,Sep,2023,Sep 2023,2
Anonymous,2023-09-10,FB,Sep,2023,Sep 2023,6
Anonymous,2023-09-10,FB,Sep,2023,Sep 2023,6
Anonymous,2023-09-03,FB,Sep,2023,Sep 2023,2
Anonymous,2023-09-03,FB,Sep,2023,Sep 2023,2
Anonymous,2023-08-19,FB,Aug,2023,Aug 2023,1
Anonymous,2023-08-18,FB,Aug,2023,Aug 2023,2
Anonymous,2023-08-18,FB,Aug,2023,Aug 2023,2
Anonymous,2023-08-17,FB,Aug,2023,Aug 2023,5
Anonymous,2023-08-17,FB,Aug,2023,Aug 2023,5
Anonymous,2023-08-17,FB,Aug,2023,Aug 2023,5
Anonymous,2023-08-17,FB,Aug,2023,Aug 2023,5
Anonymous,2023-08-17,FB,Aug,2023,Aug 2023,5
Anonymous,2023-08-16,FB,Aug,2023,Aug 2023,4
Anonymous,2023-08-16,FB,Aug,2023,Aug 2023,4
Anonymous,2023-08-16,FB,Aug,2023,Aug 2023,4
Anonymous,2023-08-15,FB,Aug,2023,Aug 2023,14
Anonymous,2023-08-15,FB,Aug,2023,Aug 2023,14
Anonymous,2023-08-08,FB,Aug,2023,Aug 2023,2
Anonymous,2023-08-01,FB,Aug,2023,Aug 2023,1
Anonymous,2023-07-26,FB,Jul,2023,Jul 2023,3
Anonymous,2023-07-04,FB,Jul,2023,Jul 2023,1
Anonymous,2023-07-03,FB,Jul,2023,Jul 2023,3
Anonymous,2023-06-23,FB,Jun,2023,Jun 2023,2
Anonymous,2023-06-08,FB,Jun,2023,Jun 2023,2
Anonymous,2023-06-08,FB,Jun,2023,Jun 2023,2
Anonymous,2023-06-07,FB,Jun,2023,Jun 2023,1
Anonymous,2023-06-05,FB,Jun,2023,Jun 2023,4
Anonymous,2023-06-05,FB,Jun,2023,Jun 2023,4
Anonymous,2023-06-05,FB,Jun,2023,Jun 2023,4
Anonymous,2023-06-05,FB,Jun,2023,Jun 2023,4
Anonymous,2023-06-04,FB,Jun,2023,Jun 2023,3
Anonymous,2023-05-30,FB,May,2023,May 2023,1
Anonymous,2023-05-24,FB,May,2023,May 2023,1
Anonymous,2023-05-18,FB,May,2023,May 2023,3
Anonymous,2023-04-05,FB,Apr,2023,Apr 2023,3
Anonymous,2023-04-05,FB,Apr,2023,Apr 2023,3
Anonymous,2023-03-27,FB,Mar,2023,Mar 2023,2
Anonymous,2023-03-25,FB,Mar,2023,Mar 2023,1
Anonymous,2023-03-19,FB,Mar,2023,Mar 2023,2
Anonymous,2023-03-17,FB,Mar,2023,Mar 2023,4
Anonymous,2023-03-12,FB,Mar,2023,Mar 2023,2
Anonymous,2023-02-22,FB,Feb,2023,Feb 2023,1
Anonymous,2023-02-08,FB,Feb,2023,Feb 2023,1
Anonymous,2023-02-07,FB,Feb,2023,Feb 2023,1
Anonymous,2023-01-30,FB,Jan,2023,Jan 2023,1
Anonymous,2023-01-18,FB,Jan,2023,Jan 2023,4
Anonymous,2023-01-15,FB,Jan,2023,Jan 2023,1
Anonymous,2023-01-12,FB,Jan,2023,Jan 2023,2
Anonymous,2023-01-04,FB,Jan,2023,Jan 2023,1
Anonymous,2023-01-02,FB,Jan,2023,Jan 2023,2
Anonymous,2022-12-26,FB,Dec,2022,Dec 2022,2
Anonymous,2022-12-26,FB,Dec,2022,Dec 2022,2
Anonymous,2022-12-25,FB,Dec,2022,Dec 2022,1
Anonymous,2022-12-23,FB,Dec,2022,Dec 2022,3
Anonymous,2022-12-22,FB,Dec,2022,Dec 2022,1
Anonymous,2022-12-17,FB,Dec,2022,Dec 2022,4
Anonymous,2022-12-17,FB,Dec,2022,Dec 2022,4
Anonymous,2022-12-17,FB,Dec,2022,Dec 2022,4
Anonymous,2022-12-12,FB,Dec,2022,Dec 2022,2
Anonymous,2022-12-12,FB,Dec,2022,Dec 2022,2
Anonymous,2022-12-09,FB,Dec,2022,Dec 2022,2
Anonymous,2022-12-06,FB,Dec,2022,Dec 2022,1
Anonymous,2022-11-26,FB,Nov,2022,Nov 2022,1
Anonymous,2022-11-22,FB,Nov,2022,Nov 2022,1
Anonymous,2022-11-20,FB,Nov,2022,Nov 2022,1
Anonymous,2022-11-13,FB,Nov,2022,Nov 2022,1
Anonymous,2022-11-04,FB,Nov,2022,Nov 2022,1
Anonymous,2022-10-25,FB,Oct,2022,Oct 2022,2
Anonymous,2022-10-25,FB,Oct,2022,Oct 2022,2
Anonymous,2022-10-23,FB,Oct,2022,Oct 2022,2
Anonymous,2022-10-23,FB,Oct,2022,Oct 2022,2
Anonymous,2022-10-18,FB,Oct,2022,Oct 2022,1
Anonymous,2022-10-16,FB,Oct,2022,Oct 2022,1
Anonymous,2022-10-15,FB,Oct,2022,Oct 2022,2
Anonymous,2022-10-13,FB,Oct,2022,Oct 2022,1
Anonymous,2022-10-12,FB,Oct,2022,Oct 2022,1
Anonymous,2022-10-08,FB,Oct,2022,Oct 2022,1
Anonymous,2022-09-06,FB,Sep,2022,Sep 2022,1
Anonymous,2022-09-05,FB,Sep,2022,Sep 2022,1
Anonymous,2022-08-31,FB,Aug,2022,Aug 2022,2
Anonymous,2022-08-31,FB,Aug,2022,Aug 2022,2
Anonymous,2022-08-30,FB,Aug,2022,Aug 2022,1
Anonymous,2022-08-27,FB,Aug,2022,Aug 2022,1
Anonymous,2022-08-25,FB,Aug,2022,Aug 2022,3
Anonymous,2022-08-23,FB,Aug,2022,Aug 2022,1
Anonymous,2022-08-15,FB,Aug,2022,Aug 2022,1
Anonymous,2022-08-04,FB,Aug,2022,Aug 2022,1
Anonymous,2022-08-03,FB,Aug,2022,Aug 2022,1
Anonymous,2022-08-02,FB,Aug,2022,Aug 2022,2
Anonymous,2022-08-01,FB,Aug,2022,Aug 2022,3
Anonymous,2022-08-01,FB,Aug,2022,Aug 2022,3
Anonymous,2022-08-01,FB,Aug,2022,Aug 2022,3
Anonymous,2022-07-31,FB,Jul,2022,Jul 2022,1
Anonymous,2022-07-27,FB,Jul,2022,Jul 2022,1
Anonymous,2022-07-26,FB,Jul,2022,Jul 2022,1
Anonymous,2022-07-24,FB,Jul,2022,Jul 2022,1
Anonymous,2022-07-17,FB,Jul,2022,Jul 2022,1
Anonymous,2022-07-12,FB,Jul,2022,Jul 2022,1
Anonymous,2022-07-02,FB,Jul,2022,Jul 2022,1
Anonymous,2022-06-30,FB,Jun,2022,Jun 2022,2
Anonymous,2022-06-30,FB,Jun,2022,Jun 2022,2
Anonymous,2022-06-28,FB,Jun,2022,Jun 2022,8
Anonymous,2022-06-28,FB,Jun,2022,Jun 2022,8
Anonymous,2022-06-28,FB,Jun,2022,Jun 2022,8
Anonymous,2022-06-28,FB,Jun,2022,Jun 2022,8
Anonymous,2022-06-28,FB,Jun,2022,Jun 2022,8
Anonymous,2022-06-28,FB,Jun,2022,Jun 2022,8
Anonymous,2022-06-27,FB,Jun,2022,Jun 2022,2
Anonymous,2022-06-24,FB,Jun,2022,Jun 2022,1
Anonymous,2022-05-11,FB,May,2022,May 2022,1
Anonymous,2022-05-07,FB,May,2022,May 2022,1
Anonymous,2022-04-30,FB,Apr,2022,Apr 2022,1
Anonymous,2022-03-15,FB,Mar,2022,Mar 2022,1
Anonymous,2022-02-26,FB,Feb,2022,Feb 2022,1
Anonymous,2022-01-24,FB,Jan,2022,Jan 2022,1
Anonymous,2022-01-16,FB,Jan,2022,Jan 2022,1
Anonymous,2022-01-13,FB,Jan,2022,Jan 2022,1
Anonymous,2022-01-09,FB,Jan,2022,Jan 2022,1
Anonymous,2022-01-08,FB,Jan,2022,Jan 2022,1
Anonymous,2022-01-05,FB,Jan,2022,Jan 2022,2
Anonymous,2022-01-05,FB,Jan,2022,Jan 2022,2
Anonymous,2021-12-21,FB,Dec,2021,Dec 2021,1
Anonymous,2021-11-18,FB,Nov,2021,Nov 2021,1
Anonymous,2021-11-08,FB,Nov,2021,Nov 2021,1
Anonymous,2021-10-31,FB,Oct,2021,Oct 2021,1
Anonymous,2021-10-30,FB,Oct,2021,Oct 2021,1
Anonymous,2021-10-25,FB,Oct,2021,Oct 2021,1
Anonymous,2021-10-22,FB,Oct,2021,Oct 2021,1
Anonymous,2021-10-13,FB,Oct,2021,Oct 2021,3
Anonymous,2021-10-13,FB,Oct,2021,Oct 2021,3
Anonymous,2021-10-13,FB,Oct,2021,Oct 2021,3
Anonymous,2021-10-11,FB,Oct,2021,Oct 2021,2
Anonymous,2021-10-06,FB,Oct,2021,Oct 2021,1
Anonymous,2021-10-05,FB,Oct,2021,Oct 2021,1
Anonymous,2021-10-01,FB,Oct,2021,Oct 2021,3
Anonymous,2021-10-01,FB,Oct,2021,Oct 2021,3
Anonymous,2021-10-01,FB,Oct,2021,Oct 2021,3
Anonymous,2021-09-24,FB,Sep,2021,Sep 2021,2
Anonymous,2021-09-24,FB,Sep,2021,Sep 2021,2
Anonymous,2021-09-22,FB,Sep,2021,Sep 2021,1
Anonymous,2021-09-21,FB,Sep,2021,Sep 2021,1
Anonymous,2021-08-22,FB,Aug,2021,Aug 2021,1
Anonymous,2021-07-18,FB,Jul,2021,Jul 2021,2
Anonymous,2021-04-26,FB,Apr,2021,Apr 2021,1
Anonymous,2021-04-19,FB,Apr,2021,Apr 2021,1
Anonymous,2021-04-12,FB,Apr,2021,Apr 2021,1
Anonymous,2021-03-29,FB,Mar,2021,Mar 2021,1
Anonymous,2021-02-24,FB,Feb,2021,Feb 2021,1
Anonymous,2021-02-22,FB,Feb,2021,Feb 2021,1
Anonymous,2021-01-28,FB,Jan,2021,Jan 2021,1
Anonymous,2021-01-03,FB,Jan,2021,Jan 2021,1
Anonymous,2020-12-06,FB,Dec,2020,Dec 2020,1
Anonymous,2020-11-20,FB,Nov,2020,Nov 2020,1
Anonymous,2020-10-27,FB,Oct,2020,Oct 2020,1
Anonymous,2020-10-14,FB,Oct,2020,Oct 2020,1
Anonymous,2020-10-12,FB,Oct,2020,Oct 2020,2
Anonymous,2020-10-12,FB,Oct,2020,Oct 2020,2
Anonymous,2020-10-01,FB,Oct,2020,Oct 2020,1
Anonymous,2020-09-29,FB,Sep,2020,Sep 2020,2
Anonymous,2020-09-29,FB,Sep,2020,Sep 2020,2
Anonymous,2020-09-21,FB,Sep,2020,Sep 2020,1
Anonymous,2020-09-19,FB,Sep,2020,Sep 2020,1
Anonymous,2020-09-10,FB,Sep,2020,Sep 2020,1
Anonymous,2020-09-05,FB,Sep,2020,Sep 2020,1
Anonymous,2020-08-31,FB,Aug,2020,Aug 2020,1
Anonymous,2020-08-20,FB,Aug,2020,Aug 2020,1
Anonymous,2020-08-18,FB,Aug,2020,Aug 2020,1
Anonymous,2020-08-17,FB,Aug,2020,Aug 2020,4
Anonymous,2020-08-17,FB,Aug,2020,Aug 2020,4
Anonymous,2020-08-17,FB,Aug,2020,Aug 2020,4
Anonymous,2020-08-17,FB,Aug,2020,Aug 2020,4
Anonymous,2020-08-16,FB,Aug,2020,Aug 2020,1
Anonymous,2020-08-13,FB,Aug,2020,Aug 2020,1
Anonymous,2020-08-12,FB,Aug,2020,Aug 2020,1
Anonymous,2020-07-26,FB,Jul,2020,Jul 2020,1
Anonymous,2020-07-22,FB,Jul,2020,Jul 2020,1
Anonymous,2020-07-21,FB,Jul,2020,Jul 2020,2
Anonymous,2020-07-21,FB,Jul,2020,Jul 2020,2
Anonymous,2020-07-16,FB,Jul,2020,Jul 2020,1
Anonymous,2020-07-06,FB,Jul,2020,Jul 2020,1
Anonymous,2020-06-19,FB,Jun,2020,Jun 2020,1
Anonymous,2020-05-28,FB,May,2020,May 2020,1
Anonymous,2020-05-14,FB,May,2020,May 2020,1
Anonymous,2020-04-23,FB,Apr,2020,Apr 2020,1
Anonymous,2020-04-19,FB,Apr,2020,Apr 2020,1
Anonymous,2020-04-04,FB,Apr,2020,Apr 2020,1
Anonymous,2020-04-01,FB,Apr,2020,Apr 2020,1
Anonymous,2020-03-30,FB,Mar,2020,Mar 2020,1
Anonymous,2020-03-16,FB,Mar,2020,Mar 2020,2
Anonymous,2020-03-14,FB,Mar,2020,Mar 2020,1
Anonymous,2020-03-12,FB,Mar,2020,Mar 2020,2
Anonymous,2020-03-12,FB,Mar,2020,Mar 2020,2
Anonymous,2020-03-08,FB,Mar,2020,Mar 2020,1
Anonymous,2020-03-03,FB,Mar,2020,Mar 2020,1
Anonymous,2020-02-28,FB,Feb,2020,Feb 2020,1
Anonymous,2020-02-27,FB,Feb,2020,Feb 2020,3
Anonymous,2020-02-27,FB,Feb,2020,Feb 2020,3
Anonymous,2020-02-27,FB,Feb,2020,Feb 2020,3
Anonymous,2020-02-24,FB,Feb,2020,Feb 2020,6
Anonymous,2020-02-24,FB,Feb,2020,Feb 2020,6
Anonymous,2020-02-24,FB,Feb,2020,Feb 2020,6
Anonymous,2020-02-24,FB,Feb,2020,Feb 2020,6
Anonymous,2020-02-24,FB,Feb,2020,Feb 2020,6
Anonymous,2020-02-24,FB,Feb,2020,Feb 2020,6
Anonymous,2020-02-23,FB,Feb,2020,Feb 2020,1
Anonymous,2020-02-18,FB,Feb,2020,Feb 2020,3
Anonymous,2020-02-18,FB,Feb,2020,Feb 2020,3
Anonymous,2020-02-16,FB,Feb,2020,Feb 2020,3
Anonymous,2020-02-16,FB,Feb,2020,Feb 2020,3
Anonymous,2020-02-16,FB,Feb,2020,Feb 2020,3
Anonymous,2020-02-12,FB,Feb,2020,Feb 2020,1
Anonymous,2020-02-07,FB,Feb,2020,Feb 2020,1
Anonymous,2020-02-06,FB,Feb,2020,Feb 2020,1
Anonymous,2020-02-01,FB,Feb,2020,Feb 2020,1
Anonymous,2020-01-21,FB,Jan,2020,Jan 2020,1
Anonymous,2020-01-20,FB,Jan,2020,Jan 2020,4
Anonymous,2020-01-20,FB,Jan,2020,Jan 2020,4
Anonymous,2020-01-20,FB,Jan,2020,Jan 2020,4
Anonymous,2020-01-19,FB,Jan,2020,Jan 2020,1
Anonymous,2020-01-01,FB,Jan,2020,Jan 2020,1
Anonymous,2019-12-31,FB,Dec,2019,Dec 2019,1
Anonymous,2019-12-29,FB,Dec,2019,Dec 2019,1
Anonymous,2019-12-23,FB,Dec,2019,Dec 2019,1
Anonymous,2019-12-21,FB,Dec,2019,Dec 2019,1
Anonymous,2019-12-18,FB,Dec,2019,Dec 2019,1
Anonymous,2019-12-03,FB,Dec,2019,Dec 2019,1
Anonymous,2019-12-01,FB,Dec,2019,Dec 2019,1
Anonymous,2019-11-26,FB,Nov,2019,Nov 2019,1
Anonymous,2019-11-19,FB,Nov,2019,Nov 2019,1
Anonymous,2019-11-16,FB,Nov,2019,Nov 2019,1
Anonymous,2019-11-14,FB,Nov,2019,Nov 2019,1
Anonymous,2019-11-12,FB,Nov,2019,Nov 2019,3
Anonymous,2019-11-12,FB,Nov,2019,Nov 2019,3
Anonymous,2019-11-12,FB,Nov,2019,Nov 2019,3
Anonymous,2019-11-11,FB,Nov,2019,Nov 2019,2
Anonymous,2019-11-11,FB,Nov,2019,Nov 2019,2
Anonymous,2019-11-10,FB,Nov,2019,Nov 2019,3
Anonymous,2019-11-10,FB,Nov,2019,Nov 2019,3
Anonymous,2019-11-10,FB,Nov,2019,Nov 2019,3
Anonymous,2019-11-04,FB,Nov,2019,Nov 2019,1
Anonymous,2019-11-02,FB,Nov,2019,Nov 2019,1
Anonymous,2019-10-25,FB,Oct,2019,Oct 2019,1
Anonymous,2019-10-24,FB,Oct,2019,Oct 2019,2
Anonymous,2019-10-24,FB,Oct,2019,Oct 2019,2
Anonymous,2019-10-23,FB,Oct,2019,Oct 2019,3
Anonymous,2019-10-23,FB,Oct,2019,Oct 2019,3
Anonymous,2019-10-23,FB,Oct,2019,Oct 2019,3
Anonymous,2019-10-18,FB,Oct,2019,Oct 2019,1
Anonymous,2019-10-17,FB,Oct,2019,Oct 2019,1
Anonymous,2019-10-13,FB,Oct,2019,Oct 2019,3
Anonymous,2019-10-13,FB,Oct,2019,Oct 2019,3
Anonymous,2019-10-13,FB,Oct,2019,Oct 2019,3
Anonymous,2019-10-03,FB,Oct,2019,Oct 2019,1
Anonymous,2019-10-02,FB,Oct,2019,Oct 2019,1
Anonymous,2019-09-29,FB,Sep,2019,Sep 2019,1
Anonymous,2019-09-27,FB,Sep,2019,Sep 2019,1
Anonymous,2019-09-15,FB,Sep,2019,Sep 2019,1
Anonymous,2019-09-11,FB,Sep,2019,Sep 2019,1
Anonymous,2019-09-10,FB,Sep,2019,Sep 2019,1
Anonymous,2019-09-07,FB,Sep,2019,Sep 2019,1
Anonymous,2019-08-16,FB,Aug,2019,Aug 2019,2
Anonymous,2019-08-16,FB,Aug,2019,Aug 2019,2
Anonymous,2019-08-12,FB,Aug,2019,Aug 2019,3
Anonymous,2019-08-12,FB,Aug,2019,Aug 2019,3
Anonymous,2019-08-12,FB,Aug,2019,Aug 2019,3
Anonymous,2019-08-09,FB,Aug,2019,Aug 2019,1
Anonymous,2019-07-13,FB,Jul,2019,Jul 2019,1
Anonymous,2019-06-14,FB,Jun,2019,Jun 2019,1
Anonymous,2019-04-27,FB,Apr,2019,Apr 2019,1
Anonymous,2019-04-18,FB,Apr,2019,Apr 2019,1
Anonymous,2019-04-11,FB,Apr,2019,Apr 2019,1
Anonymous,2019-04-09,FB,Apr,2019,Apr 2019,1
Anonymous,2019-04-08,FB,Apr,2019,Apr 2019,1
Anonymous,2019-04-07,FB,Apr,2019,Apr 2019,1
Anonymous,2019-04-05,FB,Apr,2019,Apr 2019,1
Anonymous,2019-04-04,FB,Apr,2019,Apr 2019,1
Anonymous,2019-04-03,FB,Apr,2019,Apr 2019,1
Anonymous,2019-04-02,FB,Apr,2019,Apr 2019,2
Anonymous,2019-04-02,FB,Apr,2019,Apr 2019,2
Anonymous,2019-04-01,FB,Apr,2019,Apr 2019,1
Anonymous,2019-03-31,FB,Mar,2019,Mar 2019,1
Anonymous,2019-03-30,FB,Mar,2019,Mar 2019,2
Anonymous,2019-03-30,FB,Mar,2019,Mar 2019,2
Anonymous,2019-03-24,FB,Mar,2019,Mar 2019,1
Anonymous,2019-03-16,FB,Mar,2019,Mar 2019,1
Anonymous,2019-02-26,FB,Feb,2019,Feb 2019,1
Anonymous,2019-02-22,FB,Feb,2019,Feb 2019,1
Anonymous,2019-02-08,FB,Feb,2019,Feb 2019,2
Anonymous,2019-02-08,FB,Feb,2019,Feb 2019,2
Anonymous,2019-02-03,FB,Feb,2019,Feb 2019,1
Anonymous,2019-01-31,FB,Jan,2019,Jan 2019,1
Anonymous,2019-01-05,FB,Jan,2019,Jan 2019,2
Anonymous,2019-01-05,FB,Jan,2019,Jan 2019,2
Anonymous,2018-10-31,FB,Oct,2018,Oct 2018,1
Anonymous,2018-09-20,FB,Sep,2018,Sep 2018,1
Anonymous,2018-09-16,FB,Sep,2018,Sep 2018,1
Anonymous,2018-08-25,FB,Aug,2018,Aug 2018,1
Anonymous,2018-08-22,FB,Aug,2018,Aug 2018,1
Anonymous,2018-08-21,FB,Aug,2018,Aug 2018,1
Anonymous,2018-08-19,FB,Aug,2018,Aug 2018,1
Anonymous,2018-07-30,FB,Jul,2018,Jul 2018,1
Anonymous,2018-03-29,FB,Mar,2018,Mar 2018,1
Anonymous,2018-03-16,FB,Mar,2018,Mar 2018,1
Anonymous,2018-03-15,FB,Mar,2018,Mar 2018,1
Anonymous,2024-08-05,INST Followers,Aug,2024,Aug 2024,2
Anonymous,2024-08-03,INST Followers,Aug,2024,Aug 2024,3
Anonymous,2024-07-28,INST Followers,Jul,2024,Jul 2024,4
Anonymous,2024-07-10,INST Followers,Jul,2024,Jul 2024,1
Anonymous,2024-07-06,INST Followers,Jul,2024,Jul 2024,2
Anonymous,2024-07-05,INST Followers,Jul,2024,Jul 2024,3
Anonymous,2024-07-01,INST Followers,Jul,2024,Jul 2024,2
Anonymous,2024-06-27,INST Followers,Jun,2024,Jun 2024,4
Anonymous,2024-06-27,INST Followers,Jun,2024,Jun 2024,4
Anonymous,2024-06-27,INST Followers,Jun,2024,Jun 2024,4
Anonymous,2024-06-21,INST Followers,Jun,2024,Jun 2024,4
Anonymous,2024-06-21,INST Followers,Jun,2024,Jun 2024,4
Anonymous,2024-05-21,INST Followers,May,2024,May 2024,4
Anonymous,2024-04-29,INST Followers,Apr,2024,Apr 2024,5
Anonymous,2024-04-26,INST Followers,Apr,2024,Apr 2024,6
Anonymous,2024-04-20,INST Followers,Apr,2024,Apr 2024,2
Anonymous,2024-03-16,INST Followers,Mar,2024,Mar 2024,2
Anonymous,2024-03-13,INST Followers,Mar,2024,Mar 2024,2
Anonymous,2024-03-12,INST Followers,Mar,2024,Mar 2024,2
Anonymous,2024-03-11,INST Followers,Mar,2024,Mar 2024,6
Anonymous,2024-03-11,INST Followers,Mar,2024,Mar 2024,6
Anonymous,2024-03-03,INST Followers,Mar,2024,Mar 2024,1
Anonymous,2024-02-28,INST Followers,Feb,2024,Feb 2024,3
Anonymous,2024-02-26,INST Followers,Feb,2024,Feb 2024,1
Anonymous,2024-02-13,INST Followers,Feb,2024,Feb 2024,1
Anonymous,2024-01-25,INST Followers,Jan,2024,Jan 2024,1
Anonymous,2024-01-14,INST Followers,Jan,2024,Jan 2024,1
Anonymous,2024-01-12,INST Followers,Jan,2024,Jan 2024,2
Anonymous,2024-01-08,INST Followers,Jan,2024,Jan 2024,2
Anonymous,2024-01-08,INST Followers,Jan,2024,Jan 2024,2
Anonymous,2023-12-25,INST Followers,Dec,2023,Dec 2023,3
Anonymous,2023-12-24,INST Followers,Dec,2023,Dec 2023,2
Anonymous,2023-12-23,INST Followers,Dec,2023,Dec 2023,7
Anonymous,2023-12-23,INST Followers,Dec,2023,Dec 2023,7
Anonymous,2023-12-23,INST Followers,Dec,2023,Dec 2023,7
Anonymous,2023-12-09,INST Followers,Dec,2023,Dec 2023,2
Anonymous,2023-11-26,INST Followers,Nov,2023,Nov 2023,1
Anonymous,2023-11-20,INST Followers,Nov,2023,Nov 2023,1
Anonymous,2023-10-30,INST Followers,Oct,2023,Oct 2023,2
Anonymous,2023-10-28,INST Followers,Oct,2023,Oct 2023,1
Anonymous,2023-10-23,INST Followers,Oct,2023,Oct 2023,5
Anonymous,2023-10-16,INST Followers,Oct,2023,Oct 2023,2
Anonymous,2023-10-13,INST Followers,Oct,2023,Oct 2023,4
Anonymous,2023-10-11,INST Followers,Oct,2023,Oct 2023,2
Anonymous,2023-10-11,INST Followers,Oct,2023,Oct 2023,2
Anonymous,2023-09-26,INST Followers,Sep,2023,Sep 2023,2
Anonymous,2023-09-24,INST Followers,Sep,2023,Sep 2023,2
Anonymous,2023-09-22,INST Followers,Sep,2023,Sep 2023,1
Anonymous,2023-09-17,INST Followers,Sep,2023,Sep 2023,3
Anonymous,2023-09-16,INST Followers,Sep,2023,Sep 2023,12
Anonymous,2023-09-16,INST Followers,Sep,2023,Sep 2023,12
Anonymous,2023-09-16,INST Followers,Sep,2023,Sep 2023,12
Anonymous,2023-09-16,INST Followers,Sep,2023,Sep 2023,12
Anonymous,2023-09-16,INST Followers,Sep,2023,Sep 2023,12
Anonymous,2023-09-14,INST Followers,Sep,2023,Sep 2023,9
Anonymous,2023-09-14,INST Followers,Sep,2023,Sep 2023,9
Anonymous,2023-08-31,INST Followers,Aug,2023,Aug 2023,5
Anonymous,2023-08-23,INST Followers,Aug,2023,Aug 2023,3
Anonymous,2023-08-15,INST Followers,Aug,2023,Aug 2023,14
Anonymous,2023-08-15,INST Followers,Aug,2023,Aug 2023,14
Anonymous,2023-08-15,INST Followers,Aug,2023,Aug 2023,14
Anonymous,2023-08-15,INST Followers,Aug,2023,Aug 2023,14
Anonymous,2023-08-15,INST Followers,Aug,2023,Aug 2023,14
Anonymous,2023-07-26,INST Followers,Jul,2023,Jul 2023,3
Anonymous,2023-07-25,INST Followers,Jul,2023,Jul 2023,2
Anonymous,2023-07-20,INST Followers,Jul,2023,Jul 2023,4
Anonymous,2023-07-16,INST Followers,Jul,2023,Jul 2023,1
Anonymous,2023-07-08,INST Followers,Jul,2023,Jul 2023,3
Anonymous,2023-07-07,INST Followers,Jul,2023,Jul 2023,1
Anonymous,2023-07-03,INST Followers,Jul,2023,Jul 2023,3
Anonymous,2023-06-21,INST Followers,Jun,2023,Jun 2023,3
Anonymous,2023-06-11,INST Followers,Jun,2023,Jun 2023,2
Anonymous,2023-06-10,INST Followers,Jun,2023,Jun 2023,1
Anonymous,2023-06-04,INST Followers,Jun,2023,Jun 2023,3
Anonymous,2023-06-03,INST Followers,Jun,2023,Jun 2023,2
Anonymous,2023-05-20,INST Followers,May,2023,May 2023,1
Anonymous,2023-05-06,INST Followers,May,2023,May 2023,6
Anonymous,2023-05-06,INST Followers,May,2023,May 2023,6
Anonymous,2023-05-06,INST Followers,May,2023,May 2023,6
Anonymous,2023-05-04,INST Followers,May,2023,May 2023,1
Anonymous,2023-04-30,INST Followers,Apr,2023,Apr 2023,1
Anonymous,2023-04-26,INST Followers,Apr,2023,Apr 2023,1
Anonymous,2023-04-01,INST Followers,Apr,2023,Apr 2023,3
Anonymous,2023-02-17,INST Followers,Feb,2023,Feb 2023,4
Anonymous,2023-02-11,INST Followers,Feb,2023,Feb 2023,4
Anonymous,2023-02-05,INST Followers,Feb,2023,Feb 2023,1
Anonymous,2023-02-03,INST Followers,Feb,2023,Feb 2023,1
Anonymous,2023-01-18,INST Followers,Jan,2023,Jan 2023,4
Anonymous,2023-01-02,INST Followers,Jan,2023,Jan 2023,2
Anonymous,2022-12-30,INST Followers,Dec,2022,Dec 2022,1
Anonymous,2022-12-29,INST Followers,Dec,2022,Dec 2022,2
Anonymous,2022-12-24,INST Followers,Dec,2022,Dec 2022,1
Anonymous,2022-12-23,INST Followers,Dec,2022,Dec 2022,3
Anonymous,2022-12-18,INST Followers,Dec,2022,Dec 2022,9
Anonymous,2022-12-10,INST Followers,Dec,2022,Dec 2022,1
Anonymous,2022-12-09,INST Followers,Dec,2022,Dec 2022,2
Anonymous,2022-12-08,INST Followers,Dec,2022,Dec 2022,2
Anonymous,2022-12-07,INST Followers,Dec,2022,Dec 2022,1
Anonymous,2022-12-03,INST Followers,Dec,2022,Dec 2022,1
Anonymous,2022-11-30,INST Followers,Nov,2022,Nov 2022,2
Anonymous,2022-11-30,INST Followers,Nov,2022,Nov 2022,2
Anonymous,2022-11-29,INST Followers,Nov,2022,Nov 2022,8
Anonymous,2022-11-29,INST Followers,Nov,2022,Nov 2022,8
Anonymous,2022-11-28,INST Followers,Nov,2022,Nov 2022,1
Anonymous,2022-11-27,INST Followers,Nov,2022,Nov 2022,4
Anonymous,2022-11-23,INST Followers,Nov,2022,Nov 2022,1
Anonymous,2022-11-18,INST Followers,Nov,2022,Nov 2022,1
Anonymous,2022-11-05,INST Followers,Nov,2022,Nov 2022,1
Anonymous,2022-10-15,INST Followers,Oct,2022,Oct 2022,2
Anonymous,2022-09-03,INST Followers,Sep,2022,Sep 2022,1
Anonymous,2022-08-25,INST Followers,Aug,2022,Aug 2022,3
Anonymous,2022-08-13,INST Followers,Aug,2022,Aug 2022,1
Anonymous,2022-08-02,INST Followers,Aug,2022,Aug 2022,2
Anonymous,2022-07-14,INST Followers,Jul,2022,Jul 2022,1
Anonymous,2022-07-11,INST Followers,Jul,2022,Jul 2022,1
Anonymous,2022-06-27,INST Followers,Jun,2022,Jun 2022,2
Anonymous,2022-05-30,INST Followers,May,2022,May 2022,1
Anonymous,2022-05-13,INST Followers,May,2022,May 2022,1
Anonymous,2021-12-02,INST Followers,Dec,2021,Dec 2021,1
Anonymous,2021-11-22,INST Followers,Nov,2021,Nov 2021,1
Anonymous,2021-10-24,INST Followers,Oct,2021,Oct 2021,1
Anonymous,2021-10-20,INST Followers,Oct,2021,Oct 2021,1
Anonymous,2021-10-11,INST Followers,Oct,2021,Oct 2021,2
Anonymous,2021-10-07,INST Followers,Oct,2021,Oct 2021,1
Anonymous,2021-07-20,INST Followers,Jul,2021,Jul 2021,1
Anonymous,2021-07-17,INST Followers,Jul,2021,Jul 2021,2
Anonymous,2021-06-30,INST Followers,Jun,2021,Jun 2021,1
Anonymous,2021-06-19,INST Followers,Jun,2021,Jun 2021,1
Anonymous,2021-05-05,INST Followers,May,2021,May 2021,1
Anonymous,2021-01-05,INST Followers,Jan,2021,Jan 2021,1
Anonymous,2021-01-01,INST Followers,Jan,2021,Jan 2021,1
Anonymous,2020-12-05,INST Followers,Dec,2020,Dec 2020,1
Anonymous,2020-11-23,INST Followers,Nov,2020,Nov 2020,2
Anonymous,2020-11-14,INST Followers,Nov,2020,Nov 2020,2
Anonymous,2020-11-10,INST Followers,Nov,2020,Nov 2020,1
Anonymous,2020-09-22,INST Followers,Sep,2020,Sep 2020,2
Anonymous,2020-09-01,INST Followers,Sep,2020,Sep 2020,1
Anonymous,2020-08-29,INST Followers,Aug,2020,Aug 2020,2
Anonymous,2020-05-17,INST Followers,May,2020,May 2020,2
Anonymous,2020-04-07,INST Followers,Apr,2020,Apr 2020,1
Anonymous,2020-03-20,INST Followers,Mar,2020,Mar 2020,1
Anonymous,2020-03-16,INST Followers,Mar,2020,Mar 2020,2
Anonymous,2020-02-26,INST Followers,Feb,2020,Feb 2020,1
Anonymous,2020-02-21,INST Followers,Feb,2020,Feb 2020,1
Anonymous,2020-02-20,INST Followers,Feb,2020,Feb 2020,1
Anonymous,2020-02-19,INST Followers,Feb,2020,Feb 2020,1
Anonymous,2020-02-18,INST Followers,Feb,2020,Feb 2020,3
Anonymous,2019-12-19,INST Followers,Dec,2019,Dec 2019,1
Anonymous,2019-08-02,INST Followers,Aug,2019,Aug 2019,1
Anonymous,2019-07-31,INST Followers,Jul,2019,Jul 2019,1
Anonymous,2019-06-06,INST Followers,Jun,2019,Jun 2019,2
Anonymous,2019-06-03,INST Followers,Jun,2019,Jun 2019,1
Anonymous,2019-06-02,INST Followers,Jun,2019,Jun 2019,1
Anonymous,2019-05-31,INST Followers,May,2019,May 2019,1
Anonymous,2019-05-30,INST Followers,May,2019,May 2019,2
Anonymous,2024-08-03,INST Following,Aug,2024,Aug 2024,3
Anonymous,2024-08-03,INST Following,Aug,2024,Aug 2024,3
Anonymous,2024-08-01,INST Following,Aug,2024,Aug 2024,2
Anonymous,2024-07-28,INST Following,Jul,2024,Jul 2024,4
Anonymous,2024-07-28,INST Following,Jul,2024,Jul 2024,4
Anonymous,2024-07-28,INST Following,Jul,2024,Jul 2024,4
Anonymous,2024-07-21,INST Following,Jul,2024,Jul 2024,1
Anonymous,2024-07-19,INST Following,Jul,2024,Jul 2024,4
Anonymous,2024-07-19,INST Following,Jul,2024,Jul 2024,4
Anonymous,2024-07-19,INST Following,Jul,2024,Jul 2024,4
Anonymous,2024-07-19,INST Following,Jul,2024,Jul 2024,4
Anonymous,2024-07-16,INST Following,Jul,2024,Jul 2024,2
Anonymous,2024-07-09,INST Following,Jul,2024,Jul 2024,1
Anonymous,2024-07-06,INST Following,Jul,2024,Jul 2024,2
Anonymous,2024-07-05,INST Following,Jul,2024,Jul 2024,3
Anonymous,2024-07-05,INST Following,Jul,2024,Jul 2024,3
Anonymous,2024-07-03,INST Following,Jul,2024,Jul 2024,2
Anonymous,2024-07-03,INST Following,Jul,2024,Jul 2024,2
Anonymous,2024-07-02,INST Following,Jul,2024,Jul 2024,1
Anonymous,2024-06-30,INST Following,Jun,2024,Jun 2024,2
Anonymous,2024-06-28,INST Following,Jun,2024,Jun 2024,1
Anonymous,2024-06-23,INST Following,Jun,2024,Jun 2024,1
Anonymous,2024-06-21,INST Following,Jun,2024,Jun 2024,4
Anonymous,2024-06-21,INST Following,Jun,2024,Jun 2024,4
Anonymous,2024-06-14,INST Following,Jun,2024,Jun 2024,1
Anonymous,2024-06-07,INST Following,Jun,2024,Jun 2024,1
Anonymous,2024-06-06,INST Following,Jun,2024,Jun 2024,3
Anonymous,2024-06-04,INST Following,Jun,2024,Jun 2024,2
Anonymous,2024-06-02,INST Following,Jun,2024,Jun 2024,2
Anonymous,2024-06-01,INST Following,Jun,2024,Jun 2024,1
Anonymous,2024-05-29,INST Following,May,2024,May 2024,3
Anonymous,2024-05-28,INST Following,May,2024,May 2024,1
Anonymous,2024-05-25,INST Following,May,2024,May 2024,1
Anonymous,2024-05-23,INST Following,May,2024,May 2024,2
Anonymous,2024-05-23,INST Following,May,2024,May 2024,2
Anonymous,2024-05-21,INST Following,May,2024,May 2024,4
Anonymous,2024-05-19,INST Following,May,2024,May 2024,1
Anonymous,2024-05-15,INST Following,May,2024,May 2024,1
Anonymous,2024-05-14,INST Following,May,2024,May 2024,2
Anonymous,2024-05-11,INST Following,May,2024,May 2024,2
Anonymous,2024-05-10,INST Following,May,2024,May 2024,2
Anonymous,2024-05-05,INST Following,May,2024,May 2024,3
Anonymous,2024-05-01,INST Following,May,2024,May 2024,4
Anonymous,2024-04-30,INST Following,Apr,2024,Apr 2024,3
Anonymous,2024-04-29,INST Following,Apr,2024,Apr 2024,5
Anonymous,2024-04-26,INST Following,Apr,2024,Apr 2024,6
Anonymous,2024-04-26,INST Following,Apr,2024,Apr 2024,6
Anonymous,2024-04-22,INST Following,Apr,2024,Apr 2024,3
Anonymous,2024-04-17,INST Following,Apr,2024,Apr 2024,1
Anonymous,2024-04-14,INST Following,Apr,2024,Apr 2024,1
Anonymous,2024-04-11,INST Following,Apr,2024,Apr 2024,2
Anonymous,2024-04-09,INST Following,Apr,2024,Apr 2024,2
Anonymous,2024-04-02,INST Following,Apr,2024,Apr 2024,2
Anonymous,2024-03-27,INST Following,Mar,2024,Mar 2024,2
Anonymous,2024-03-25,INST Following,Mar,2024,Mar 2024,3
Anonymous,2024-03-25,INST Following,Mar,2024,Mar 2024,3
Anonymous,2024-03-25,INST Following,Mar,2024,Mar 2024,3
Anonymous,2024-03-16,INST Following,Mar,2024,Mar 2024,2
Anonymous,2024-03-15,INST Following,Mar,2024,Mar 2024,1
Anonymous,2024-03-13,INST Following,Mar,2024,Mar 2024,2
Anonymous,2024-03-11,INST Following,Mar,2024,Mar 2024,6
Anonymous,2024-03-11,INST Following,Mar,2024,Mar 2024,6
Anonymous,2024-03-11,INST Following,Mar,2024,Mar 2024,6
Anonymous,2024-03-10,INST Following,Mar,2024,Mar 2024,1
Anonymous,2024-03-09,INST Following,Mar,2024,Mar 2024,3
Anonymous,2024-03-09,INST Following,Mar,2024,Mar 2024,3
Anonymous,2024-03-02,INST Following,Mar,2024,Mar 2024,1
Anonymous,2024-02-29,INST Following,Feb,2024,Feb 2024,3
Anonymous,2024-02-29,INST Following,Feb,2024,Feb 2024,3
Anonymous,2024-02-28,INST Following,Feb,2024,Feb 2024,3
Anonymous,2024-02-24,INST Following,Feb,2024,Feb 2024,5
Anonymous,2024-02-23,INST Following,Feb,2024,Feb 2024,1
Anonymous,2024-02-22,INST Following,Feb,2024,Feb 2024,1
Anonymous,2024-02-21,INST Following,Feb,2024,Feb 2024,1
Anonymous,2024-02-20,INST Following,Feb,2024,Feb 2024,1
Anonymous,2024-02-19,INST Following,Feb,2024,Feb 2024,2
Anonymous,2024-02-18,INST Following,Feb,2024,Feb 2024,1
Anonymous,2024-02-10,INST Following,Feb,2024,Feb 2024,2
Anonymous,2024-02-10,INST Following,Feb,2024,Feb 2024,2
Anonymous,2024-02-08,INST Following,Feb,2024,Feb 2024,1
Anonymous,2024-02-01,INST Following,Feb,2024,Feb 2024,1
Anonymous,2024-01-31,INST Following,Jan,2024,Jan 2024,4
Anonymous,2024-01-31,INST Following,Jan,2024,Jan 2024,4
Anonymous,2024-01-29,INST Following,Jan,2024,Jan 2024,1
Anonymous,2024-01-26,INST Following,Jan,2024,Jan 2024,1
Anonymous,2024-01-24,INST Following,Jan,2024,Jan 2024,1
Anonymous,2024-01-23,INST Following,Jan,2024,Jan 2024,4
Anonymous,2024-01-23,INST Following,Jan,2024,Jan 2024,4
Anonymous,2024-01-22,INST Following,Jan,2024,Jan 2024,2
Anonymous,2024-01-20,INST Following,Jan,2024,Jan 2024,2
Anonymous,2024-01-18,INST Following,Jan,2024,Jan 2024,3
Anonymous,2024-01-12,INST Following,Jan,2024,Jan 2024,2
Anonymous,2024-01-07,INST Following,Jan,2024,Jan 2024,2
Anonymous,2024-01-07,INST Following,Jan,2024,Jan 2024,2
Anonymous,2024-01-05,INST Following,Jan,2024,Jan 2024,1
Anonymous,2024-01-03,INST Following,Jan,2024,Jan 2024,1
Anonymous,2024-01-02,INST Following,Jan,2024,Jan 2024,1
Anonymous,2024-01-01,INST Following,Jan,2024,Jan 2024,2
Anonymous,2023-12-29,INST Following,Dec,2023,Dec 2023,1
Anonymous,2023-12-27,INST Following,Dec,2023,Dec 2023,1
Anonymous,2023-12-26,INST Following,Dec,2023,Dec 2023,1
Anonymous,2023-12-25,INST Following,Dec,2023,Dec 2023,3
Anonymous,2023-12-24,INST Following,Dec,2023,Dec 2023,2
Anonymous,2023-12-23,INST Following,Dec,2023,Dec 2023,7
Anonymous,2023-12-23,INST Following,Dec,2023,Dec 2023,7
Anonymous,2023-12-23,INST Following,Dec,2023,Dec 2023,7
Anonymous,2023-12-23,INST Following,Dec,2023,Dec 2023,7
Anonymous,2023-12-22,INST Following,Dec,2023,Dec 2023,1
Anonymous,2023-12-21,INST Following,Dec,2023,Dec 2023,2
Anonymous,2023-12-13,INST Following,Dec,2023,Dec 2023,1
Anonymous,2023-12-09,INST Following,Dec,2023,Dec 2023,2
Anonymous,2023-11-27,INST Following,Nov,2023,Nov 2023,5
Anonymous,2023-11-21,INST Following,Nov,2023,Nov 2023,1
Anonymous,2023-11-01,INST Following,Nov,2023,Nov 2023,2
Anonymous,2023-10-30,INST Following,Oct,2023,Oct 2023,2
Anonymous,2023-10-23,INST Following,Oct,2023,Oct 2023,5
Anonymous,2023-10-23,INST Following,Oct,2023,Oct 2023,5
Anonymous,2023-10-23,INST Following,Oct,2023,Oct 2023,5
Anonymous,2023-10-23,INST Following,Oct,2023,Oct 2023,5
Anonymous,2023-10-22,INST Following,Oct,2023,Oct 2023,2
Anonymous,2023-10-21,INST Following,Oct,2023,Oct 2023,1
Anonymous,2023-10-18,INST Following,Oct,2023,Oct 2023,1
Anonymous,2023-10-16,INST Following,Oct,2023,Oct 2023,2
Anonymous,2023-10-13,INST Following,Oct,2023,Oct 2023,4
Anonymous,2023-10-12,INST Following,Oct,2023,Oct 2023,4
Anonymous,2023-10-12,INST Following,Oct,2023,Oct 2023,4
Anonymous,2023-10-12,INST Following,Oct,2023,Oct 2023,4
Anonymous,2023-10-02,INST Following,Oct,2023,Oct 2023,2
Anonymous,2023-09-29,INST Following,Sep,2023,Sep 2023,2
Anonymous,2023-09-26,INST Following,Sep,2023,Sep 2023,2
Anonymous,2023-09-24,INST Following,Sep,2023,Sep 2023,2
Anonymous,2023-09-21,INST Following,Sep,2023,Sep 2023,4
Anonymous,2023-09-20,INST Following,Sep,2023,Sep 2023,1
Anonymous,2023-09-17,INST Following,Sep,2023,Sep 2023,3
Anonymous,2023-09-16,INST Following,Sep,2023,Sep 2023,12
Anonymous,2023-09-16,INST Following,Sep,2023,Sep 2023,12
Anonymous,2023-09-16,INST Following,Sep,2023,Sep 2023,12
Anonymous,2023-09-16,INST Following,Sep,2023,Sep 2023,12
Anonymous,2023-09-16,INST Following,Sep,2023,Sep 2023,12
Anonymous,2023-09-16,INST Following,Sep,2023,Sep 2023,12
Anonymous,2023-09-16,INST Following,Sep,2023,Sep 2023,12
Anonymous,2023-09-14,INST Following,Sep,2023,Sep 2023,9
Anonymous,2023-09-14,INST Following,Sep,2023,Sep 2023,9
Anonymous,2023-09-14,INST Following,Sep,2023,Sep 2023,9
Anonymous,2023-09-14,INST Following,Sep,2023,Sep 2023,9
Anonymous,2023-09-14,INST Following,Sep,2023,Sep 2023,9
Anonymous,2023-09-14,INST Following,Sep,2023,Sep 2023,9
Anonymous,2023-09-14,INST Following,Sep,2023,Sep 2023,9
Anonymous,2023-09-10,INST Following,Sep,2023,Sep 2023,6
Anonymous,2023-09-10,INST Following,Sep,2023,Sep 2023,6
Anonymous,2023-09-10,INST Following,Sep,2023,Sep 2023,6
Anonymous,2023-09-09,INST Following,Sep,2023,Sep 2023,4
Anonymous,2023-09-09,INST Following,Sep,2023,Sep 2023,4
Anonymous,2023-09-09,INST Following,Sep,2023,Sep 2023,4
Anonymous,2023-09-09,INST Following,Sep,2023,Sep 2023,4
Anonymous,2023-09-08,INST Following,Sep,2023,Sep 2023,2
Anonymous,2023-09-05,INST Following,Sep,2023,Sep 2023,2
Anonymous,2023-09-02,INST Following,Sep,2023,Sep 2023,1
Anonymous,2023-09-01,INST Following,Sep,2023,Sep 2023,2
Anonymous,2023-09-01,INST Following,Sep,2023,Sep 2023,2
Anonymous,2023-08-31,INST Following,Aug,2023,Aug 2023,5
Anonymous,2023-08-31,INST Following,Aug,2023,Aug 2023,5
Anonymous,2023-08-31,INST Following,Aug,2023,Aug 2023,5
Anonymous,2023-08-31,INST Following,Aug,2023,Aug 2023,5
Anonymous,2023-08-28,INST Following,Aug,2023,Aug 2023,2
Anonymous,2023-08-28,INST Following,Aug,2023,Aug 2023,2
Anonymous,2023-08-26,INST Following,Aug,2023,Aug 2023,1
Anonymous,2023-08-25,INST Following,Aug,2023,Aug 2023,3
Anonymous,2023-08-24,INST Following,Aug,2023,Aug 2023,3
Anonymous,2023-08-24,INST Following,Aug,2023,Aug 2023,3
Anonymous,2023-08-24,INST Following,Aug,2023,Aug 2023,3
Anonymous,2023-08-23,INST Following,Aug,2023,Aug 2023,3
Anonymous,2023-08-20,INST Following,Aug,2023,Aug 2023,3
Anonymous,2023-08-20,INST Following,Aug,2023,Aug 2023,3
Anonymous,2023-08-20,INST Following,Aug,2023,Aug 2023,3
Anonymous,2023-08-15,INST Following,Aug,2023,Aug 2023,14
Anonymous,2023-08-15,INST Following,Aug,2023,Aug 2023,14
Anonymous,2023-08-15,INST Following,Aug,2023,Aug 2023,14
Anonymous,2023-08-15,INST Following,Aug,2023,Aug 2023,14
Anonymous,2023-08-15,INST Following,Aug,2023,Aug 2023,14
Anonymous,2023-08-15,INST Following,Aug,2023,Aug 2023,14
Anonymous,2023-08-15,INST Following,Aug,2023,Aug 2023,14
Anonymous,2023-08-12,INST Following,Aug,2023,Aug 2023,1
Anonymous,2023-08-11,INST Following,Aug,2023,Aug 2023,1
Anonymous,2023-08-08,INST Following,Aug,2023,Aug 2023,2
Anonymous,2023-08-07,INST Following,Aug,2023,Aug 2023,3
Anonymous,2023-08-07,INST Following,Aug,2023,Aug 2023,3
Anonymous,2023-08-07,INST Following,Aug,2023,Aug 2023,3
Anonymous,2023-07-28,INST Following,Jul,2023,Jul 2023,1
Anonymous,2023-07-27,INST Following,Jul,2023,Jul 2023,1
Anonymous,2023-07-26,INST Following,Jul,2023,Jul 2023,3
Anonymous,2023-07-25,INST Following,Jul,2023,Jul 2023,2
Anonymous,2023-07-20,INST Following,Jul,2023,Jul 2023,4
Anonymous,2023-07-08,INST Following,Jul,2023,Jul 2023,3
Anonymous,2023-07-03,INST Following,Jul,2023,Jul 2023,3
Anonymous,2023-07-02,INST Following,Jul,2023,Jul 2023,2
Anonymous,2023-06-23,INST Following,Jun,2023,Jun 2023,2
Anonymous,2023-06-22,INST Following,Jun,2023,Jun 2023,1
Anonymous,2023-06-21,INST Following,Jun,2023,Jun 2023,3
Anonymous,2023-06-21,INST Following,Jun,2023,Jun 2023,3
Anonymous,2023-06-15,INST Following,Jun,2023,Jun 2023,1
Anonymous,2023-06-11,INST Following,Jun,2023,Jun 2023,2
Anonymous,2023-06-09,INST Following,Jun,2023,Jun 2023,1
Anonymous,2023-06-04,INST Following,Jun,2023,Jun 2023,3
Anonymous,2023-06-03,INST Following,Jun,2023,Jun 2023,2
Anonymous,2023-06-02,INST Following,Jun,2023,Jun 2023,2
Anonymous,2023-06-02,INST Following,Jun,2023,Jun 2023,2
Anonymous,2023-06-01,INST Following,Jun,2023,Jun 2023,1
Anonymous,2023-05-12,INST Following,May,2023,May 2023,2
Anonymous,2023-05-06,INST Following,May,2023,May 2023,6
Anonymous,2023-05-06,INST Following,May,2023,May 2023,6
Anonymous,2023-05-06,INST Following,May,2023,May 2023,6
Anonymous,2023-05-01,INST Following,May,2023,May 2023,1
Anonymous,2023-04-01,INST Following,Apr,2023,Apr 2023,3
Anonymous,2023-03-10,INST Following,Mar,2023,Mar 2023,5
Anonymous,2023-02-17,INST Following,Feb,2023,Feb 2023,4
Anonymous,2023-02-17,INST Following,Feb,2023,Feb 2023,4
Anonymous,2023-02-11,INST Following,Feb,2023,Feb 2023,4
Anonymous,2023-02-11,INST Following,Feb,2023,Feb 2023,4
Anonymous,2023-02-11,INST Following,Feb,2023,Feb 2023,4
Anonymous,2022-12-29,INST Following,Dec,2022,Dec 2022,2
Anonymous,2022-12-23,INST Following,Dec,2022,Dec 2022,3
Anonymous,2022-12-18,INST Following,Dec,2022,Dec 2022,9
Anonymous,2022-12-18,INST Following,Dec,2022,Dec 2022,9
Anonymous,2022-12-18,INST Following,Dec,2022,Dec 2022,9
Anonymous,2022-12-18,INST Following,Dec,2022,Dec 2022,9
Anonymous,2022-12-18,INST Following,Dec,2022,Dec 2022,9
Anonymous,2022-12-18,INST Following,Dec,2022,Dec 2022,9
Anonymous,2022-12-18,INST Following,Dec,2022,Dec 2022,9
Anonymous,2022-12-01,INST Following,Dec,2022,Dec 2022,3
Anonymous,2022-12-01,INST Following,Dec,2022,Dec 2022,3
Anonymous,2022-12-01,INST Following,Dec,2022,Dec 2022,3
Anonymous,2022-11-29,INST Following,Nov,2022,Nov 2022,8
Anonymous,2022-11-29,INST Following,Nov,2022,Nov 2022,8
Anonymous,2022-11-29,INST Following,Nov,2022,Nov 2022,8
Anonymous,2022-11-29,INST Following,Nov,2022,Nov 2022,8
Anonymous,2022-11-29,INST Following,Nov,2022,Nov 2022,8
Anonymous,2022-11-29,INST Following,Nov,2022,Nov 2022,8
Anonymous,2022-11-24,INST Following,Nov,2022,Nov 2022,2
Anonymous,2022-11-24,INST Following,Nov,2022,Nov 2022,2
Anonymous,2022-08-25,INST Following,Aug,2022,Aug 2022,3
Anonymous,2022-08-21,INST Following,Aug,2022,Aug 2022,1
Anonymous,2022-08-05,INST Following,Aug,2022,Aug 2022,1
Anonymous,2022-07-15,INST Following,Jul,2022,Jul 2022,1
Anonymous,2022-06-07,INST Following,Jun,2022,Jun 2022,1
Anonymous,2021-12-26,INST Following,Dec,2021,Dec 2021,1
Anonymous,2021-12-23,INST Following,Dec,2021,Dec 2021,1
Anonymous,2021-11-29,INST Following,Nov,2021,Nov 2021,1
Anonymous,2021-11-14,INST Following,Nov,2021,Nov 2021,1
Anonymous,2021-08-20,INST Following,Aug,2021,Aug 2021,1
Anonymous,2021-07-18,INST Following,Jul,2021,Jul 2021,2
Anonymous,2021-07-17,INST Following,Jul,2021,Jul 2021,2
Anonymous,2020-11-23,INST Following,Nov,2020,Nov 2020,2
Anonymous,2020-11-14,INST Following,Nov,2020,Nov 2020,2
Anonymous,2020-11-09,INST Following,Nov,2020,Nov 2020,1
Anonymous,2020-09-27,INST Following,Sep,2020,Sep 2020,1
Anonymous,2020-09-22,INST Following,Sep,2020,Sep 2020,2
Anonymous,2020-08-29,INST Following,Aug,2020,Aug 2020,2
Anonymous,2020-07-03,INST Following,Jul,2020,Jul 2020,1
Anonymous,2020-06-07,INST Following,Jun,2020,Jun 2020,1
Anonymous,2020-05-17,INST Following,May,2020,May 2020,2
Anonymous,2020-04-08,INST Following,Apr,2020,Apr 2020,1
Anonymous,2020-01-20,INST Following,Jan,2020,Jan 2020,4
Anonymous,2019-07-12,INST Following,Jul,2019,Jul 2019,1
Anonymous,2019-06-18,INST Following,Jun,2019,Jun 2019,1
Anonymous,2019-06-06,INST Following,Jun,2019,Jun 2019,2
Anonymous,2019-05-30,INST Following,May,2019,May 2019,2
Anonymous,2024-08-05,LinkedIn,Aug,2024,Aug 2024,2
Anonymous,2024-07-24,LinkedIn,Jul,2024,Jul 2024,2
Anonymous,2024-07-24,LinkedIn,Jul,2024,Jul 2024,2
Anonymous,2024-07-23,LinkedIn,Jul,2024,Jul 2024,1
Anonymous,2024-07-22,LinkedIn,Jul,2024,Jul 2024,1
Anonymous,2024-07-18,LinkedIn,Jul,2024,Jul 2024,1
Anonymous,2024-07-16,LinkedIn,Jul,2024,Jul 2024,2
Anonymous,2024-07-15,LinkedIn,Jul,2024,Jul 2024,2
Anonymous,2024-07-15,LinkedIn,Jul,2024,Jul 2024,2
Anonymous,2024-07-13,LinkedIn,Jul,2024,Jul 2024,1
Anonymous,2024-07-11,LinkedIn,Jul,2024,Jul 2024,2
Anonymous,2024-07-11,LinkedIn,Jul,2024,Jul 2024,2
Anonymous,2024-07-01,LinkedIn,Jul,2024,Jul 2024,2
Anonymous,2024-06-30,LinkedIn,Jun,2024,Jun 2024,2
Anonymous,2024-06-29,LinkedIn,Jun,2024,Jun 2024,1
Anonymous,2024-06-19,LinkedIn,Jun,2024,Jun 2024,1
Anonymous,2024-06-18,LinkedIn,Jun,2024,Jun 2024,1
Anonymous,2024-06-17,LinkedIn,Jun,2024,Jun 2024,1
Anonymous,2024-06-15,LinkedIn,Jun,2024,Jun 2024,2
Anonymous,2024-06-15,LinkedIn,Jun,2024,Jun 2024,2
Anonymous,2024-06-11,LinkedIn,Jun,2024,Jun 2024,2
Anonymous,2024-06-11,LinkedIn,Jun,2024,Jun 2024,2
Anonymous,2024-06-10,LinkedIn,Jun,2024,Jun 2024,1
Anonymous,2024-06-09,LinkedIn,Jun,2024,Jun 2024,1
Anonymous,2024-06-06,LinkedIn,Jun,2024,Jun 2024,3
Anonymous,2024-06-06,LinkedIn,Jun,2024,Jun 2024,3
Anonymous,2024-06-04,LinkedIn,Jun,2024,Jun 2024,2
Anonymous,2024-06-03,LinkedIn,Jun,2024,Jun 2024,1
Anonymous,2024-06-02,LinkedIn,Jun,2024,Jun 2024,2
Anonymous,2024-05-29,LinkedIn,May,2024,May 2024,3
Anonymous,2024-05-29,LinkedIn,May,2024,May 2024,3
Anonymous,2024-05-27,LinkedIn,May,2024,May 2024,1
Anonymous,2024-05-21,LinkedIn,May,2024,May 2024,4
Anonymous,2024-05-21,LinkedIn,May,2024,May 2024,4
Anonymous,2024-05-18,LinkedIn,May,2024,May 2024,1
Anonymous,2024-05-16,LinkedIn,May,2024,May 2024,1
Anonymous,2024-05-14,LinkedIn,May,2024,May 2024,2
Anonymous,2024-05-13,LinkedIn,May,2024,May 2024,2
Anonymous,2024-05-13,LinkedIn,May,2024,May 2024,2
Anonymous,2024-05-11,LinkedIn,May,2024,May 2024,2
Anonymous,2024-05-10,LinkedIn,May,2024,May 2024,2
Anonymous,2024-05-09,LinkedIn,May,2024,May 2024,2
Anonymous,2024-05-09,LinkedIn,May,2024,May 2024,2
Anonymous,2024-05-06,LinkedIn,May,2024,May 2024,2
Anonymous,2024-05-06,LinkedIn,May,2024,May 2024,2
Anonymous,2024-05-05,LinkedIn,May,2024,May 2024,3
Anonymous,2024-05-05,LinkedIn,May,2024,May 2024,3
Anonymous,2024-05-04,LinkedIn,May,2024,May 2024,1
Anonymous,2024-05-03,LinkedIn,May,2024,May 2024,1
Anonymous,2024-05-01,LinkedIn,May,2024,May 2024,4
Anonymous,2024-05-01,LinkedIn,May,2024,May 2024,4
Anonymous,2024-05-01,LinkedIn,May,2024,May 2024,4
Anonymous,2024-04-30,LinkedIn,Apr,2024,Apr 2024,3
Anonymous,2024-04-30,LinkedIn,Apr,2024,Apr 2024,3
Anonymous,2024-04-29,LinkedIn,Apr,2024,Apr 2024,5
Anonymous,2024-04-29,LinkedIn,Apr,2024,Apr 2024,5
Anonymous,2024-04-28,LinkedIn,Apr,2024,Apr 2024,2
Anonymous,2024-04-27,LinkedIn,Apr,2024,Apr 2024,1
Anonymous,2024-04-26,LinkedIn,Apr,2024,Apr 2024,6
Anonymous,2024-04-26,LinkedIn,Apr,2024,Apr 2024,6
Anonymous,2024-04-26,LinkedIn,Apr,2024,Apr 2024,6
Anonymous,2024-04-20,LinkedIn,Apr,2024,Apr 2024,2
Anonymous,2024-04-11,LinkedIn,Apr,2024,Apr 2024,2
Anonymous,2024-04-10,LinkedIn,Apr,2024,Apr 2024,1
Anonymous,2024-04-09,LinkedIn,Apr,2024,Apr 2024,2
Anonymous,2024-04-03,LinkedIn,Apr,2024,Apr 2024,2
Anonymous,2024-04-03,LinkedIn,Apr,2024,Apr 2024,2
Anonymous,2024-04-01,LinkedIn,Apr,2024,Apr 2024,1
Anonymous,2024-03-27,LinkedIn,Mar,2024,Mar 2024,2
Anonymous,2024-03-26,LinkedIn,Mar,2024,Mar 2024,1
Anonymous,2024-03-23,LinkedIn,Mar,2024,Mar 2024,1
Anonymous,2024-03-20,LinkedIn,Mar,2024,Mar 2024,1
Anonymous,2024-03-19,LinkedIn,Mar,2024,Mar 2024,2
Anonymous,2024-03-18,LinkedIn,Mar,2024,Mar 2024,1
Anonymous,2024-03-12,LinkedIn,Mar,2024,Mar 2024,2
Anonymous,2024-03-09,LinkedIn,Mar,2024,Mar 2024,3
Anonymous,2024-03-04,LinkedIn,Mar,2024,Mar 2024,2
Anonymous,2024-03-04,LinkedIn,Mar,2024,Mar 2024,2
Anonymous,2024-03-01,LinkedIn,Mar,2024,Mar 2024,1
Anonymous,2024-02-29,LinkedIn,Feb,2024,Feb 2024,3
Anonymous,2024-02-28,LinkedIn,Feb,2024,Feb 2024,3
Anonymous,2024-02-27,LinkedIn,Feb,2024,Feb 2024,1
Anonymous,2024-02-25,LinkedIn,Feb,2024,Feb 2024,1
Anonymous,2024-02-24,LinkedIn,Feb,2024,Feb 2024,5
Anonymous,2024-02-24,LinkedIn,Feb,2024,Feb 2024,5
Anonymous,2024-02-24,LinkedIn,Feb,2024,Feb 2024,5
Anonymous,2024-02-24,LinkedIn,Feb,2024,Feb 2024,5
Anonymous,2024-02-19,LinkedIn,Feb,2024,Feb 2024,2
Anonymous,2024-02-16,LinkedIn,Feb,2024,Feb 2024,1
Anonymous,2024-02-15,LinkedIn,Feb,2024,Feb 2024,2
Anonymous,2024-02-15,LinkedIn,Feb,2024,Feb 2024,2
Anonymous,2024-02-06,LinkedIn,Feb,2024,Feb 2024,2
Anonymous,2024-02-06,LinkedIn,Feb,2024,Feb 2024,2
Anonymous,2024-02-05,LinkedIn,Feb,2024,Feb 2024,1
Anonymous,2024-01-31,LinkedIn,Jan,2024,Jan 2024,4
Anonymous,2024-01-31,LinkedIn,Jan,2024,Jan 2024,4
Anonymous,2024-01-23,LinkedIn,Jan,2024,Jan 2024,4
Anonymous,2024-01-23,LinkedIn,Jan,2024,Jan 2024,4
Anonymous,2024-01-22,LinkedIn,Jan,2024,Jan 2024,2
Anonymous,2024-01-18,LinkedIn,Jan,2024,Jan 2024,3
Anonymous,2024-01-01,LinkedIn,Jan,2024,Jan 2024,2
Anonymous,2023-12-28,LinkedIn,Dec,2023,Dec 2023,1
Anonymous,2023-12-21,LinkedIn,Dec,2023,Dec 2023,2
Anonymous,2023-12-18,LinkedIn,Dec,2023,Dec 2023,2
Anonymous,2023-12-14,LinkedIn,Dec,2023,Dec 2023,2
Anonymous,2023-12-14,LinkedIn,Dec,2023,Dec 2023,2
Anonymous,2023-12-08,LinkedIn,Dec,2023,Dec 2023,1
Anonymous,2023-12-01,LinkedIn,Dec,2023,Dec 2023,4
Anonymous,2023-12-01,LinkedIn,Dec,2023,Dec 2023,4
Anonymous,2023-12-01,LinkedIn,Dec,2023,Dec 2023,4
Anonymous,2023-12-01,LinkedIn,Dec,2023,Dec 2023,4
Anonymous,2023-11-27,LinkedIn,Nov,2023,Nov 2023,5
Anonymous,2023-11-27,LinkedIn,Nov,2023,Nov 2023,5
Anonymous,2023-11-27,LinkedIn,Nov,2023,Nov 2023,5
Anonymous,2023-11-17,LinkedIn,Nov,2023,Nov 2023,1
Anonymous,2023-11-15,LinkedIn,Nov,2023,Nov 2023,1
Anonymous,2023-11-05,LinkedIn,Nov,2023,Nov 2023,1
Anonymous,2023-11-04,LinkedIn,Nov,2023,Nov 2023,1
Anonymous,2023-11-03,LinkedIn,Nov,2023,Nov 2023,1
Anonymous,2023-11-01,LinkedIn,Nov,2023,Nov 2023,2
Anonymous,2023-10-31,LinkedIn,Oct,2023,Oct 2023,1
Anonymous,2023-10-29,LinkedIn,Oct,2023,Oct 2023,1
Anonymous,2023-10-22,LinkedIn,Oct,2023,Oct 2023,2
Anonymous,2023-10-20,LinkedIn,Oct,2023,Oct 2023,1
Anonymous,2023-10-13,LinkedIn,Oct,2023,Oct 2023,4
Anonymous,2023-10-13,LinkedIn,Oct,2023,Oct 2023,4
Anonymous,2023-10-12,LinkedIn,Oct,2023,Oct 2023,4
Anonymous,2023-10-10,LinkedIn,Oct,2023,Oct 2023,1
Anonymous,2023-10-09,LinkedIn,Oct,2023,Oct 2023,2
Anonymous,2023-10-09,LinkedIn,Oct,2023,Oct 2023,2
Anonymous,2023-10-07,LinkedIn,Oct,2023,Oct 2023,1
Anonymous,2023-10-06,LinkedIn,Oct,2023,Oct 2023,1
Anonymous,2023-10-05,LinkedIn,Oct,2023,Oct 2023,1
Anonymous,2023-10-04,LinkedIn,Oct,2023,Oct 2023,2
Anonymous,2023-10-04,LinkedIn,Oct,2023,Oct 2023,2
Anonymous,2023-10-02,LinkedIn,Oct,2023,Oct 2023,2
Anonymous,2023-10-01,LinkedIn,Oct,2023,Oct 2023,1
Anonymous,2023-09-29,LinkedIn,Sep,2023,Sep 2023,2
Anonymous,2023-09-28,LinkedIn,Sep,2023,Sep 2023,1
Anonymous,2023-09-27,LinkedIn,Sep,2023,Sep 2023,1
Anonymous,2023-09-21,LinkedIn,Sep,2023,Sep 2023,4
Anonymous,2023-09-21,LinkedIn,Sep,2023,Sep 2023,4
Anonymous,2023-09-17,LinkedIn,Sep,2023,Sep 2023,3
Anonymous,2023-09-13,LinkedIn,Sep,2023,Sep 2023,2
Anonymous,2023-09-12,LinkedIn,Sep,2023,Sep 2023,2
Anonymous,2023-09-12,LinkedIn,Sep,2023,Sep 2023,2
Anonymous,2023-09-10,LinkedIn,Sep,2023,Sep 2023,6
Anonymous,2023-09-08,LinkedIn,Sep,2023,Sep 2023,2
Anonymous,2023-09-07,LinkedIn,Sep,2023,Sep 2023,2
Anonymous,2023-09-07,LinkedIn,Sep,2023,Sep 2023,2
Anonymous,2023-09-05,LinkedIn,Sep,2023,Sep 2023,2
Anonymous,2023-09-04,LinkedIn,Sep,2023,Sep 2023,5
Anonymous,2023-09-04,LinkedIn,Sep,2023,Sep 2023,5
Anonymous,2023-09-04,LinkedIn,Sep,2023,Sep 2023,5
Anonymous,2023-09-04,LinkedIn,Sep,2023,Sep 2023,5
Anonymous,2023-09-04,LinkedIn,Sep,2023,Sep 2023,5
Anonymous,2023-08-25,LinkedIn,Aug,2023,Aug 2023,3
Anonymous,2023-08-25,LinkedIn,Aug,2023,Aug 2023,3
Anonymous,2023-08-23,LinkedIn,Aug,2023,Aug 2023,3
Anonymous,2023-08-21,LinkedIn,Aug,2023,Aug 2023,1
Anonymous,2023-08-16,LinkedIn,Aug,2023,Aug 2023,4
Anonymous,2023-08-09,LinkedIn,Aug,2023,Aug 2023,1
Anonymous,2023-07-31,LinkedIn,Jul,2023,Jul 2023,3
Anonymous,2023-07-31,LinkedIn,Jul,2023,Jul 2023,3
Anonymous,2023-07-31,LinkedIn,Jul,2023,Jul 2023,3
Anonymous,2023-07-29,LinkedIn,Jul,2023,Jul 2023,1
Anonymous,2023-07-20,LinkedIn,Jul,2023,Jul 2023,4
Anonymous,2023-07-20,LinkedIn,Jul,2023,Jul 2023,4
Anonymous,2023-07-11,LinkedIn,Jul,2023,Jul 2023,1
Anonymous,2023-07-09,LinkedIn,Jul,2023,Jul 2023,1
Anonymous,2023-07-08,LinkedIn,Jul,2023,Jul 2023,3
Anonymous,2023-07-05,LinkedIn,Jul,2023,Jul 2023,1
Anonymous,2023-07-02,LinkedIn,Jul,2023,Jul 2023,2
Anonymous,2023-06-29,LinkedIn,Jun,2023,Jun 2023,1
Anonymous,2023-06-24,LinkedIn,Jun,2023,Jun 2023,1
Anonymous,2023-06-14,LinkedIn,Jun,2023,Jun 2023,3
Anonymous,2023-06-14,LinkedIn,Jun,2023,Jun 2023,3
Anonymous,2023-06-14,LinkedIn,Jun,2023,Jun 2023,3
Anonymous,2023-06-13,LinkedIn,Jun,2023,Jun 2023,3
Anonymous,2023-06-13,LinkedIn,Jun,2023,Jun 2023,3
Anonymous,2023-06-13,LinkedIn,Jun,2023,Jun 2023,3
Anonymous,2023-06-12,LinkedIn,Jun,2023,Jun 2023,1
Anonymous,2023-06-06,LinkedIn,Jun,2023,Jun 2023,2
Anonymous,2023-06-06,LinkedIn,Jun,2023,Jun 2023,2
Anonymous,2023-05-28,LinkedIn,May,2023,May 2023,2
Anonymous,2023-05-28,LinkedIn,May,2023,May 2023,2
Anonymous,2023-05-23,LinkedIn,May,2023,May 2023,3
Anonymous,2023-05-23,LinkedIn,May,2023,May 2023,3
Anonymous,2023-05-23,LinkedIn,May,2023,May 2023,3
Anonymous,2023-05-19,LinkedIn,May,2023,May 2023,2
Anonymous,2023-05-19,LinkedIn,May,2023,May 2023,2
Anonymous,2023-05-18,LinkedIn,May,2023,May 2023,3
Anonymous,2023-05-18,LinkedIn,May,2023,May 2023,3
Anonymous,2023-05-17,LinkedIn,May,2023,May 2023,1
Anonymous,2023-05-16,LinkedIn,May,2023,May 2023,3
Anonymous,2023-05-16,LinkedIn,May,2023,May 2023,3
Anonymous,2023-05-16,LinkedIn,May,2023,May 2023,3
Anonymous,2023-05-12,LinkedIn,May,2023,May 2023,2
Anonymous,2023-05-11,LinkedIn,May,2023,May 2023,2
Anonymous,2023-05-11,LinkedIn,May,2023,May 2023,2
Anonymous,2023-05-10,LinkedIn,May,2023,May 2023,1
Anonymous,2023-05-09,LinkedIn,May,2023,May 2023,1
Anonymous,2023-05-03,LinkedIn,May,2023,May 2023,1
Anonymous,2023-04-28,LinkedIn,Apr,2023,Apr 2023,3
Anonymous,2023-04-28,LinkedIn,Apr,2023,Apr 2023,3
Anonymous,2023-04-28,LinkedIn,Apr,2023,Apr 2023,3
Anonymous,2023-04-27,LinkedIn,Apr,2023,Apr 2023,2
Anonymous,2023-04-27,LinkedIn,Apr,2023,Apr 2023,2
Anonymous,2023-04-25,LinkedIn,Apr,2023,Apr 2023,1
Anonymous,2023-04-24,LinkedIn,Apr,2023,Apr 2023,1
Anonymous,2023-04-23,LinkedIn,Apr,2023,Apr 2023,1
Anonymous,2023-04-22,LinkedIn,Apr,2023,Apr 2023,1
Anonymous,2023-04-21,LinkedIn,Apr,2023,Apr 2023,1
Anonymous,2023-04-16,LinkedIn,Apr,2023,Apr 2023,1
Anonymous,2023-04-13,LinkedIn,Apr,2023,Apr 2023,2
Anonymous,2023-04-13,LinkedIn,Apr,2023,Apr 2023,2
Anonymous,2023-04-11,LinkedIn,Apr,2023,Apr 2023,2
Anonymous,2023-04-11,LinkedIn,Apr,2023,Apr 2023,2
Anonymous,2023-04-09,LinkedIn,Apr,2023,Apr 2023,1
Anonymous,2023-04-06,LinkedIn,Apr,2023,Apr 2023,2
Anonymous,2023-04-06,LinkedIn,Apr,2023,Apr 2023,2
Anonymous,2023-04-05,LinkedIn,Apr,2023,Apr 2023,3
Anonymous,2023-04-04,LinkedIn,Apr,2023,Apr 2023,1
Anonymous,2023-04-03,LinkedIn,Apr,2023,Apr 2023,1
Anonymous,2023-04-01,LinkedIn,Apr,2023,Apr 2023,3
Anonymous,2023-03-31,LinkedIn,Mar,2023,Mar 2023,3
Anonymous,2023-03-31,LinkedIn,Mar,2023,Mar 2023,3
Anonymous,2023-03-31,LinkedIn,Mar,2023,Mar 2023,3
Anonymous,2023-03-29,LinkedIn,Mar,2023,Mar 2023,3
Anonymous,2023-03-29,LinkedIn,Mar,2023,Mar 2023,3
Anonymous,2023-03-29,LinkedIn,Mar,2023,Mar 2023,3
Anonymous,2023-03-27,LinkedIn,Mar,2023,Mar 2023,2
Anonymous,2023-03-26,LinkedIn,Mar,2023,Mar 2023,1
Anonymous,2023-03-21,LinkedIn,Mar,2023,Mar 2023,2
Anonymous,2023-03-21,LinkedIn,Mar,2023,Mar 2023,2
Anonymous,2023-03-19,LinkedIn,Mar,2023,Mar 2023,2
Anonymous,2023-03-17,LinkedIn,Mar,2023,Mar 2023,4
Anonymous,2023-03-17,LinkedIn,Mar,2023,Mar 2023,4
Anonymous,2023-03-17,LinkedIn,Mar,2023,Mar 2023,4
Anonymous,2023-03-16,LinkedIn,Mar,2023,Mar 2023,1
Anonymous,2023-03-15,LinkedIn,Mar,2023,Mar 2023,4
Anonymous,2023-03-15,LinkedIn,Mar,2023,Mar 2023,4
Anonymous,2023-03-15,LinkedIn,Mar,2023,Mar 2023,4
Anonymous,2023-03-15,LinkedIn,Mar,2023,Mar 2023,4
Anonymous,2023-03-12,LinkedIn,Mar,2023,Mar 2023,2
Anonymous,2023-03-11,LinkedIn,Mar,2023,Mar 2023,3
Anonymous,2023-03-11,LinkedIn,Mar,2023,Mar 2023,3
Anonymous,2023-03-11,LinkedIn,Mar,2023,Mar 2023,3
Anonymous,2023-03-10,LinkedIn,Mar,2023,Mar 2023,5
Anonymous,2023-03-10,LinkedIn,Mar,2023,Mar 2023,5
Anonymous,2023-03-10,LinkedIn,Mar,2023,Mar 2023,5
Anonymous,2023-03-10,LinkedIn,Mar,2023,Mar 2023,5
Anonymous,2023-03-09,LinkedIn,Mar,2023,Mar 2023,1
Anonymous,2023-03-07,LinkedIn,Mar,2023,Mar 2023,1
Anonymous,2023-03-05,LinkedIn,Mar,2023,Mar 2023,1
Anonymous,2023-03-04,LinkedIn,Mar,2023,Mar 2023,1
Anonymous,2023-02-28,LinkedIn,Feb,2023,Feb 2023,1
Anonymous,2023-02-21,LinkedIn,Feb,2023,Feb 2023,1
Anonymous,2023-02-17,LinkedIn,Feb,2023,Feb 2023,4
Anonymous,2023-01-26,LinkedIn,Jan,2023,Jan 2023,1
Anonymous,2023-01-25,LinkedIn,Jan,2023,Jan 2023,1
Anonymous,2023-01-23,LinkedIn,Jan,2023,Jan 2023,1
Anonymous,2023-01-22,LinkedIn,Jan,2023,Jan 2023,1
Anonymous,2023-01-19,LinkedIn,Jan,2023,Jan 2023,1
Anonymous,2023-01-18,LinkedIn,Jan,2023,Jan 2023,4
Anonymous,2023-01-18,LinkedIn,Jan,2023,Jan 2023,4
Anonymous,2023-01-12,LinkedIn,Jan,2023,Jan 2023,2
Anonymous,2023-01-11,LinkedIn,Jan,2023,Jan 2023,1
Anonymous,2023-01-09,LinkedIn,Jan,2023,Jan 2023,1
Anonymous,2022-12-18,LinkedIn,Dec,2022,Dec 2022,9
Anonymous,2022-12-17,LinkedIn,Dec,2022,Dec 2022,4
Anonymous,2022-12-15,LinkedIn,Dec,2022,Dec 2022,1
Anonymous,2022-12-08,LinkedIn,Dec,2022,Dec 2022,2
Anonymous,2022-12-04,LinkedIn,Dec,2022,Dec 2022,1
Anonymous,2022-11-27,LinkedIn,Nov,2022,Nov 2022,4
Anonymous,2022-11-27,LinkedIn,Nov,2022,Nov 2022,4
Anonymous,2022-11-27,LinkedIn,Nov,2022,Nov 2022,4
Anonymous,2022-07-19,LinkedIn,Jul,2022,Jul 2022,1
Anonymous,2022-06-28,LinkedIn,Jun,2022,Jun 2022,8
Anonymous,2022-06-28,LinkedIn,Jun,2022,Jun 2022,8
Anonymous,2022-03-10,LinkedIn,Mar,2022,Mar 2022,1
